{
  "lambda_over_c": [
    0.6,
    0.8,
    1.0,
    1.2,
    1.5
  ],
  "results": {
    "maxweight": [
      16.531471289152506,
      21.96662702885071,
      27.096313879450637,
      31.250164280365993,
      35.063795257108495
    ],
    "num": [
      16.432874356113867,
      20.947625603643445,
      25.066150154223536,
      28.880556405559314,
      34.28376960770999
    ],
    "droptail": []
  }
}