{
  "lambda_over_c": [
    0.6,
    0.8,
    1.0,
    1.2,
    1.5
  ],
  "link_capacity": 50,
  "metric": "average_weighted_throughput_per_timeslot",
  "normalized_y_percent_of_C": [
    [
      32.83055770952141,
      43.94805419554219,
      54.76627094286593,
      62.726463063461075,
      69.80210998651769
    ],
    [
      32.809905135817964,
      41.89082944851651,
      49.942446480799354,
      57.87998879876409,
      68.10280821972111
    ]
  ],
  "results": {
    "maxweight": [
      16.415278854760704,
      21.974027097771096,
      27.383135471432965,
      31.363231531730538,
      34.901054993258846
    ],
    "num": [
      16.404952567908982,
      20.945414724258256,
      24.971223240399677,
      28.939994399382044,
      34.051404109860556
    ]
  }
}