{
  "lambda_over_c": [
    0.6,
    0.8,
    1.0,
    1.2,
    1.5
  ],
  "results": {
    "maxweight": [
      16.42827015645803,
      21.779028761094466,
      27.497928637415836,
      31.17402753267376,
      35.075144337825186
    ],
    "num": [
      16.38477500602418,
      20.946485880042943,
      24.972048172586895,
      28.899441938541575,
      33.924110062467015
    ],
    "droptail": []
  }
}