{
  "link_capacity": 50,
  "arrival_rate": 60,
  "lambda_over_c": 1.2,
  "sim_time": 300,
  "schedulers": {
    "maxweight": {
      "total_arrived": 18049,
      "total_dropped": 2856,
      "total_arrived_weight": 9992.843292227279,
      "total_dropped_weight": 493.3743851415202,
      "unweighted_loss_rate": 0.15823591334699982,
      "weighted_loss_rate": 0.049372773165099165,
      "transmitted": 15000
    },
    "num": {
      "total_arrived": 17815,
      "total_dropped": 4855,
      "total_arrived_weight": 9769.044382407566,
      "total_dropped_weight": 1094.4213958714074,
      "unweighted_loss_rate": 0.27252315464496213,
      "weighted_loss_rate": 0.11202952438646704,
      "transmitted": 12710
    }
  }
}